pony	horse	synonyms
woods	forest	synonyms
knife	handle	meronyms
knife	blade	meronyms
seafood	fish	hyponyms
chain	link	meronyms
seafood	shrimp	hyponyms
sleep	awake	antonyms
limited	unlimited	antonyms
woods	trees	meronyms
book	cover	meronyms
writings	words	meronyms
prefix	suffix	antonyms
ice	water	meronyms
month	days	meronyms
desirable	undesirable	antonyms
aquarium	fish	meronyms
chain	metal	meronyms
alligator	teeth	meronyms
woods	trees	synonyms
similarity	difference	antonyms
seafood	lobster	hyponyms
alligator	tail	meronyms
chain	links	meronyms
eagle	wings	meronyms
aquarium	water	meronyms
horse	tail	meronyms
month	week	meronyms
storm	rain	meronyms
sleep	deep	hyponyms
month	weeks	meronyms
eagle	beak	meronyms
library	books	meronyms
volcano	lava	meronyms
water	water	meronyms
marching	walking	synonyms
purse	zipper	meronyms
purse	handle	meronyms
month	hours	meronyms
shoe	sole	meronyms
month	day	meronyms
purse	strap	meronyms
alligator	eyes	meronyms
similarity	same	hyponyms
seafood	crab	hyponyms
storm	wind	meronyms
pool	water	meronyms
honeybee	stinger	meronyms
eagle	eyes	meronyms
horse	legs	meronyms
honeybee	wings	meronyms
electricity	power	synonyms
month	minutes	meronyms
similarity	different	antonyms
plaster	paris	hyponyms
finger	nail	meronyms
school	classroom	meronyms
party	food	meronyms
four	quad	synonyms
mouth	teeth	meronyms
chicken	beak	meronyms
asian	chinese	hyponyms
writings	paragraph	meronyms
male	penis	meronyms
asian	japanese	hyponyms
computer	mouse	meronyms
liquid	water	meronyms
knife	edge	meronyms
computer	keyboard	meronyms
book	pages	meronyms
alligator	mouth	meronyms
iphone	screen	meronyms
mouth	tongue	meronyms
inning	outs	meronyms
looking	seeing	synonyms
hitch	trailer	hyponyms
eye	pupil	meronyms
pumpkin	seeds	meronyms
car	engine	meronyms
finger	skin	meronyms
horse	mane	meronyms
purse	pocket	meronyms
city	buildings	meronyms
chicken	wings	meronyms
hitch	unhitch	antonyms
storm	thunder	meronyms
eagle	feathers	meronyms
woods	leaves	meronyms
woods	forest	hyponyms
alligator	scales	meronyms
woods	animals	meronyms
desk	legs	meronyms
rod	reel	meronyms
skin	hair	meronyms
rod	metal	meronyms
shoe	laces	meronyms
frequent	often	synonyms
water	pipe	meronyms
mouth	lips	meronyms
grain	wheat	hyponyms
dictionary	words	meronyms
skateboard	wheels	meronyms
party	drinks	meronyms
eye	iris	meronyms
spacecraft	engine	meronyms
pizza	cheese	meronyms
honeybee	eyes	meronyms
knife	tip	meronyms
pumpkin	stem	meronyms
immature	mature	antonyms
chain	clasp	meronyms
hunter	gun	meronyms
wake	sleep	antonyms
foul	ball	hyponyms
party	people	meronyms
park	grass	meronyms
book	words	meronyms
tree	leaves	meronyms
peanut	shell	meronyms
spacecraft	rocket	meronyms
school	gym	meronyms
monkey	tail	meronyms
woody	forest	synonyms
tree	trunk	meronyms
month	hour	meronyms
table	legs	meronyms
sterile	dirty	antonyms
chicken	feathers	meronyms
yard	grass	meronyms
desirable	ugly	antonyms
writings	sentences	meronyms
ice	cold	meronyms
bathroom	sink	meronyms
monkey	eyes	meronyms
pester	annoy	synonyms
sleep	rem	hyponyms
solar	sun	meronyms
male	legs	meronyms
rod	line	meronyms
sleep	wake	antonyms
video	end	meronyms
eagle	head	meronyms
hitch	truck	hyponyms
saved	lost	antonyms
violin	strings	meronyms
bathroom	shower	meronyms
similarity	opposite	antonyms
woods	grass	meronyms
eligible	ineligible	antonyms
lord	god	synonyms
video	beginning	meronyms
chicken	feet	meronyms
horse	eyes	meronyms
possess	own	synonyms
water	river	meronyms
alligator	feet	meronyms
storm	lightning	meronyms
desirable	unwanted	antonyms
town	people	meronyms
party	music	meronyms
city	streets	meronyms
bathroom	toilet	meronyms
female	hair	meronyms
library	shelves	meronyms
town	streets	meronyms
chicken	legs	meronyms
park	trees	meronyms
needle	point	meronyms
writings	paragraphs	meronyms
horizontal	vertical	antonyms
supported	unsupported	antonyms
turtle	shell	meronyms
restaurant	kitchen	meronyms
monkey	nose	meronyms
month	weekend	meronyms
seafood	clams	hyponyms
refrigerator	door	meronyms
face	eyes	meronyms
climate	cold	hyponyms
foul	good	antonyms
book	page	meronyms
shoe	tongue	meronyms
pizza	sauce	meronyms
robot	legs	meronyms
aquarium	glass	meronyms
needle	eye	meronyms
book	binding	meronyms
female	legs	meronyms
possess	have	synonyms
seafood	salmon	hyponyms
school	students	meronyms
water	faucet	meronyms
horse	hooves	meronyms
writings	sentence	meronyms
library	librarian	meronyms
computer	screen	meronyms
textbook	cover	meronyms
pester	bother	synonyms
stroll	walk	synonyms
airplane	wings	meronyms
month	second	meronyms
city	street	meronyms
face	nose	meronyms
fat	thin	antonyms
writings	letters	meronyms
climb	mountain	hyponyms
refrigerator	freezer	meronyms
horse	head	meronyms
eagle	talons	meronyms
horse	nose	meronyms
monkey	hands	meronyms
water	lake	meronyms
game	rules	meronyms
book	spine	meronyms
apple	skin	meronyms
robot	head	meronyms
party	cake	meronyms
female	vagina	meronyms
foul	fair	antonyms
court	judge	meronyms
book	chapter	meronyms
skateboard	board	meronyms
tree	branches	meronyms
violin	bow	meronyms
localized	close	synonyms
chicken	breast	meronyms
quarter	head	meronyms
chicken	eyes	meronyms
relative	mother	hyponyms
month	monday	meronyms
female	eyes	meronyms
train	engine	meronyms
yellow	sun	synonyms
mansion	house	hyponyms
skin	epidermis	meronyms
pipe	bowl	meronyms
flag	stars	meronyms
airplane	seats	meronyms
rod	end	meronyms
month	minute	meronyms
wheel	spokes	meronyms
apple	seeds	meronyms
relative	aunt	hyponyms
month	seconds	meronyms
plaster	cement	hyponyms
woods	forest	meronyms
gym	weights	meronyms
computer	monitor	meronyms
spacecraft	fuel	meronyms
shoe	heel	meronyms
story	end	meronyms
city	people	meronyms
video	sound	meronyms
textbook	pages	meronyms
chain	lock	meronyms
peanut	nut	meronyms
sleep	nap	hyponyms
finger	knuckle	meronyms
pizza	crust	meronyms
localized	local	synonyms
greenhouse	plants	meronyms
airport	runway	meronyms
hanging	hung	synonyms
school	cafeteria	meronyms
game	board	meronyms
book	index	meronyms
restaurant	food	meronyms
eye	cornea	meronyms
robot	arms	meronyms
sentence	verb	meronyms
monkey	mouth	meronyms
computer	cpu	meronyms
face	mouth	meronyms
fat	skinny	antonyms
downstream	upstream	antonyms
sleep	light	hyponyms
knife	point	meronyms
video	audio	meronyms
body	lake	hyponyms
relative	cousin	hyponyms
car	wheel	meronyms
monkey	legs	meronyms
immature	young	synonyms
restaurant	tables	meronyms
eagle	tail	meronyms
solar	earth	meronyms
airplane	cockpit	meronyms
protest	march	hyponyms
skin	pores	meronyms
male	eyes	meronyms
honeybee	legs	meronyms
inning	ball	meronyms
purse	leather	meronyms
painting	paint	meronyms
city	downtown	meronyms
desk	top	meronyms
monkey	ears	meronyms
alarm	calm	antonyms
climate	hot	hyponyms
inning	top	meronyms
writings	words	synonyms
woods	trees	hyponyms
prefix	ending	antonyms
storm	hail	meronyms
climate	tropical	hyponyms
foul	nice	antonyms
protest	peaceful	hyponyms
female	breasts	meronyms
flag	pole	meronyms
relative	uncle	hyponyms
dissolution	divorce	hyponyms
marching	stomping	synonyms
aquarium	rocks	meronyms
stew	meat	meronyms
painting	frame	meronyms
apple	stem	meronyms
appliance	oven	hyponyms
male	hair	meronyms
microwave	door	meronyms
town	houses	meronyms
grain	rice	hyponyms
relative	sister	hyponyms
obstruction	blockage	hyponyms
turtle	head	meronyms
solar	planets	meronyms
horse	mouth	meronyms
video	middle	meronyms
document	words	meronyms
relative	father	hyponyms
school	teachers	meronyms
tree	bark	meronyms
tree	roots	meronyms
alligator	skin	meronyms
neighborhood	houses	meronyms
male	head	meronyms
school	teacher	meronyms
woody	trees	synonyms
wheel	rubber	meronyms
desk	wood	meronyms
stew	carrots	meronyms
restaurant	chairs	meronyms
obstruction	barrier	hyponyms
mouth	gums	meronyms
city	roads	meronyms
quarter	tails	meronyms
shoe	leather	meronyms
sentence	subject	meronyms
relative	brother	hyponyms
hitch	marriage	hyponyms
inning	bottom	meronyms
foul	chicken	hyponyms
alligator	nose	meronyms
shoe	lace	meronyms
meal	meat	meronyms
table	wood	meronyms
greenhouse	glass	meronyms
ice	oxygen	meronyms
meal	dessert	meronyms
wheel	tire	meronyms
radio	antenna	meronyms
monkey	head	meronyms
inning	strikes	meronyms
inning	hits	meronyms
inning	runs	meronyms
writings	punctuation	meronyms
ballet	music	meronyms
book	paper	meronyms
car	hood	meronyms
writings	books	synonyms
turtle	eyes	meronyms
turtle	tail	meronyms
aquarium	tank	meronyms
male	arms	meronyms
mansion	rooms	meronyms
oven	door	meronyms
painting	canvas	meronyms
video	tape	meronyms
pencil	wood	meronyms
body	ocean	hyponyms
four	quatro	synonyms
turtle	legs	meronyms
pipe	stem	meronyms
female	head	meronyms
chicken	head	meronyms
solar	mars	meronyms
rod	pole	meronyms
plaster	wall	hyponyms
dish	food	meronyms
pond	water	meronyms
book	title	meronyms
storm	clouds	meronyms
dictionary	cover	meronyms
eagle	claws	meronyms
sentence	noun	meronyms
car	wheels	meronyms
car	door	meronyms
sleep	up	antonyms
skin	dermis	meronyms
eagle	feet	meronyms
inning	pitch	meronyms
spacecraft	nose	meronyms
60	seconds	meronyms
book	end	meronyms
volcano	magma	meronyms
solar	moon	meronyms
inning	bat	meronyms
limited	many	antonyms
water	rain	meronyms
needle	thread	meronyms
apple	core	meronyms
monkey	fur	meronyms
obstruction	block	hyponyms
pigment	color	synonyms
court	jury	meronyms
pipe	hole	meronyms
sentence	words	meronyms
magazine	cover	meronyms
climate	temperate	hyponyms
voter	democrat	hyponyms
localized	near	synonyms
moon	craters	meronyms
story	beginning	meronyms
textbook	words	meronyms
flag	stripes	meronyms
yellow	gold	synonyms
asian	indian	hyponyms
book	author	meronyms
game	players	meronyms
quarter	metal	meronyms
wheel	spoke	meronyms
house	kitchen	meronyms
knight	sword	meronyms
inning	balls	meronyms
water	pipes	meronyms
poem	words	meronyms
town	roads	meronyms
alligator	legs	meronyms
sentence	period	meronyms
meal	food	meronyms
soldier	gun	meronyms
radio	speaker	meronyms
grain	barley	hyponyms
rod	handle	meronyms
asian	korean	hyponyms
lake	water	meronyms
airport	terminal	meronyms
city	building	meronyms
finger	joint	meronyms
moon	crater	meronyms
face	ears	meronyms
sterile	fertile	antonyms
plaster	white	hyponyms
foul	bird	hyponyms
dish	plate	meronyms
swivel	turn	synonyms
book	chapters	meronyms
skin	cells	meronyms
alligator	head	meronyms
pizza	pepperoni	meronyms
tank	gun	meronyms
quarter	silver	meronyms
robot	metal	meronyms
map	roads	meronyms
spacecraft	wings	meronyms
ice	cube	meronyms
writings	letters	synonyms
airplane	engine	meronyms
stew	beef	meronyms
writings	poems	synonyms
desirable	gross	antonyms
seafood	shellfish	hyponyms
volcano	mountain	meronyms
eye	retina	meronyms
school	playground	meronyms
monkey	face	meronyms
bed	pillow	meronyms
month	tuesday	meronyms
saved	unsaved	antonyms
feeding	food	meronyms
foul	sweet	antonyms
seafood	scallops	hyponyms
party	games	meronyms
town	buildings	meronyms
table	top	meronyms
earnings	money	synonyms
principal	main	synonyms
month	end	meronyms
voter	republican	hyponyms
looking	watching	synonyms
party	alcohol	meronyms
desk	drawer	meronyms
stew	broth	meronyms
monkey	feet	meronyms
hunter	hat	meronyms
story	middle	meronyms
greenhouse	door	meronyms
woody	hard	synonyms
storm	snow	meronyms
male	nose	meronyms
game	dice	meronyms
refrigerator	shelves	meronyms
car	tire	meronyms
female	arms	meronyms
pencil	lead	meronyms
writings	book	meronyms
magnetic	polar	antonyms
lord	devil	antonyms
rod	hook	meronyms
four	number	synonyms
chicken	tail	meronyms
honeybee	head	meronyms
textbook	index	meronyms
region	land	meronyms
party	balloons	meronyms
horse	hoof	meronyms
finger	bone	meronyms
park	bench	meronyms
tank	water	meronyms
prefix	end	antonyms
spacecraft	window	meronyms
woods	jungle	synonyms
rod	wood	meronyms
water	tap	meronyms
climb	rock	hyponyms
looking	seeing	hyponyms
aquarium	tanks	meronyms
pond	fish	meronyms
video	introduction	meronyms
storm	tornado	meronyms
pencil	eraser	meronyms
similarity	twins	hyponyms
spacecraft	wing	meronyms
water	ocean	meronyms
obstruction	wall	hyponyms
city	parks	meronyms
city	suburbs	meronyms
product	label	meronyms
tree	leaf	meronyms
body	river	hyponyms
chain	hook	meronyms
asian	thai	hyponyms
ice	frozen	meronyms
elephant	trunk	meronyms
video	credits	meronyms
city	park	meronyms
solar	stars	meronyms
liquid	atoms	meronyms
honeybee	body	meronyms
president	head	meronyms
sphere	round	meronyms
recipe	ingredients	meronyms
sentence	object	meronyms
knight	armor	meronyms
painting	brush	meronyms
inning	base	meronyms
month	sunday	meronyms
aggression	anger	hyponyms
yellow	golden	synonyms
month	beginning	meronyms
kitchen	stove	meronyms
volcano	rock	meronyms
party	dancing	meronyms
chicken	eggs	meronyms
document	text	meronyms
refrigerator	light	meronyms
solar	venus	meronyms
appliance	microwave	hyponyms
near	close	synonyms
soft	hard	antonyms
yellow	bright	synonyms
yellow	sunny	synonyms
upstream	downstream	antonyms
foul	pleasant	antonyms
purse	buckle	meronyms
oven	timer	meronyms
computer	processor	meronyms
limited	infinite	antonyms
month	friday	meronyms
limited	free	antonyms
writings	introduction	meronyms
hitch	divorce	antonyms
four	4	synonyms
water	tank	meronyms
woods	branches	meronyms
chain	end	meronyms
looking	gazing	synonyms
pool	diving board	meronyms
horse	ears	meronyms
stadium	seats	meronyms
desert	sand	meronyms
sterile	unclean	antonyms
ballet	dancers	meronyms
wake	awaken	synonyms
hitch	car	hyponyms
book	plot	meronyms
city	houses	meronyms
meal	drink	meronyms
novel	characters	meronyms
greenhouse	water	meronyms
game	cards	meronyms
sphere	radius	meronyms
body	sea	hyponyms
climate	warm	hyponyms
foul	personal	hyponyms
seafood	mussels	hyponyms
violin	body	meronyms
airport	security	meronyms
male	face	meronyms
microwave	timer	meronyms
school	class	meronyms
gym	treadmill	meronyms
computer	motherboard	meronyms
textbook	paper	meronyms
document	paper	meronyms
monkey	teeth	meronyms
needle	metal	meronyms
body	pond	hyponyms
rod	stick	meronyms
foul	smell	hyponyms
inning	baseball	meronyms
looking	searching	synonyms
door	lock	meronyms
turtle	mouth	meronyms
purse	pockets	meronyms
car	steering wheel	meronyms
flag	cloth	meronyms
storm	eye	meronyms
document	title	meronyms
tool	hammer	hyponyms
protest	violent	hyponyms
mill	wheel	meronyms
water	hose	meronyms
ice	snow	meronyms
water	reservoir	meronyms
mansion	castle	hyponyms
climb	hill	hyponyms
book	table of contents	meronyms
honeybee	stripes	meronyms
purse	bag	meronyms
meal	appetizer	meronyms
needle	hole	meronyms
stew	vegetables	meronyms
wheel	rim	meronyms
school	office	meronyms
radio	dial	meronyms
honeybee	mouth	meronyms
writings	title	meronyms
hitch	ball	hyponyms
rod	tip	meronyms
volcano	crater	meronyms
eagle	legs	meronyms
moon	cheese	meronyms
horse	body	meronyms
desk	drawers	meronyms
alligator	tongue	meronyms
pants	zipper	meronyms
skateboard	deck	meronyms
plant	stem	meronyms
song	music	meronyms
plaster	glue	hyponyms
month	wednesday	meronyms
immature	childish	synonyms
bike	wheel	meronyms
water	sink	meronyms
woods	jungle	hyponyms
dissolution	solution	hyponyms
writings	poem	meronyms
solar	uranus	meronyms
soldier	uniform	meronyms
rifle	trigger	meronyms
zebra	tail	meronyms
relative	grandfather	hyponyms
bring	carry	synonyms
appliance	dishwasher	hyponyms
inning	out	meronyms
inning	strike	meronyms
ballet	shoes	meronyms
peanut	salt	meronyms
limited	endless	antonyms
game	ball	meronyms
liquid	molecules	meronyms
library	computers	meronyms
skateboard	wood	meronyms
school	library	meronyms
zebra	legs	meronyms
warm	cold	antonyms
climate	humid	hyponyms
diverse	different	synonyms
similarity	alike	hyponyms
mill	water	meronyms
shark	fin	meronyms
lizard	tail	meronyms
game	fun	meronyms
film	actors	meronyms
male	feet	meronyms
quarter	tail	meronyms
book	beginning	meronyms
needle	shaft	meronyms
hunter	eyes	meronyms
sentence	punctuation	meronyms
mansion	kitchen	meronyms
pizza	sausage	meronyms
magazine	articles	meronyms
last	first	antonyms
foul	technical	hyponyms
marching	stepping	synonyms
month	saturday	meronyms
woods	pine	hyponyms
woods	tree	meronyms
bike	mountain	hyponyms
yellow	lemon	synonyms
solar	comets	meronyms
town	church	meronyms
volcano	smoke	meronyms
airport	gate	meronyms
restaurant	bar	meronyms
liquid	wet	meronyms
airplane	wing	meronyms
possess	hold	synonyms
frequent	common	synonyms
pony	colt	synonyms
seafood	clam	hyponyms
month	weekends	meronyms
similarity	size	hyponyms
paris	eiffel tower	meronyms
seafood	cod	hyponyms
volcano	eruption	meronyms
game	pieces	meronyms
violin	wood	meronyms
horse	feet	meronyms
male	hands	meronyms
game	loser	meronyms
park	swings	meronyms
honeybee	thorax	meronyms
honeybee	honey	meronyms
pumpkin	guts	meronyms
storm	cloud	meronyms
violin	string	meronyms
knight	helmet	meronyms
restaurant	table	meronyms
pan	handle	meronyms
atmosphere	oxygen	meronyms
instrument	violin	hyponyms
yellow	sunflower	synonyms
looking	seeking	synonyms
inning	score	meronyms
localized	central	synonyms
pipe	metal	meronyms
aquarium	filter	meronyms
female	nose	meronyms
bathroom	tub	meronyms
eye	lid	meronyms
pipe	end	meronyms
needle	tip	meronyms
document	header	meronyms
horse	back	meronyms
car	seats	meronyms
earnings	income	synonyms
body	stream	hyponyms
protest	riot	hyponyms
wake	get up	synonyms
protest	sit in	hyponyms
spacecraft	booster	meronyms
supported	alone	antonyms
limited	open	antonyms
plaster	drywall	hyponyms
seafood	tuna	hyponyms
water	pump	meronyms
dissolution	break up	hyponyms
writings	chapters	meronyms
fur	hair	synonyms
door	knob	meronyms
museum	exhibits	meronyms
radio	music	meronyms
monkey	arms	meronyms
park	slide	meronyms
chicken	feather	meronyms
park	kids	meronyms
magazine	pictures	meronyms
grain	quinoa	hyponyms
sleep	alert	antonyms
four	cuatro	synonyms
hitch	wedding	hyponyms
pony	donkey	synonyms
cat	eyes	meronyms
house	door	meronyms
house	bedroom	meronyms
chicken	leg	meronyms
tank	wheels	meronyms
moon	dust	meronyms
library	desk	meronyms
map	streets	meronyms
hunter	legs	meronyms
bed	mattress	meronyms
solar	jupiter	meronyms
writings	paper	meronyms
month	thursday	meronyms
chinese	food	hyponyms
plaster	bandaid	hyponyms
protest	demonstration	hyponyms
month	middle	meronyms
dish	bottom	meronyms
ice	hydrogen	meronyms
atmosphere	air	meronyms
purse	pouch	meronyms
town	street	meronyms
king	crown	meronyms
school	hallway	meronyms
car	seat	meronyms
museum	art	meronyms
quarter	face	meronyms
volcano	ash	meronyms
horse	teeth	meronyms
video	picture	meronyms
stew	potatoes	meronyms
product	price	meronyms
pumpkin	skin	meronyms
sphere	circle	meronyms
tree	root	meronyms
stadium	field	meronyms
flower	stem	meronyms
water	well	meronyms
writings	periods	meronyms
writings	books	meronyms
looking	see	synonyms
writings	notes	synonyms
spacecraft	shuttle	meronyms
marching	band	hyponyms
bike	chain	meronyms
disturb	bother	synonyms
wake	awake	synonyms
beach	sand	meronyms
elephant	eyes	meronyms
kitchen	sink	meronyms
cat	tail	meronyms
city	mayor	meronyms
violin	neck	meronyms
camera	lens	meronyms
city	city hall	meronyms
purse	inside	meronyms
alligator	body	meronyms
alligator	snout	meronyms
iphone	apple	meronyms
female	feet	meronyms
monkey	hand	meronyms
mansion	pool	meronyms
flower	petal	meronyms
relative	grandmother	hyponyms
woods	tree	hyponyms
writings	word	meronyms
writings	stories	synonyms
hitch	undo	antonyms
sleep	restless	hyponyms
desirable	repulsive	antonyms
controversial	noncontroversial	antonyms
woods	flowers	meronyms
writings	book	synonyms
desirable	undesireable	antonyms
dictionary	definitions	meronyms
school	principal	meronyms
meal	main course	meronyms
train	cars	meronyms
alligator	back	meronyms
sentence	end	meronyms
pool	ladder	meronyms
skateboard	wheel	meronyms
robot	eyes	meronyms
map	rivers	meronyms
magazine	pages	meronyms
opera	singer	meronyms
shack	door	meronyms
mansion	bathroom	meronyms
pizza	toppings	meronyms
preceding	following	antonyms
similarity	similar	hyponyms
seafood	oyster	hyponyms
dish	ceramic	meronyms
seafood	oysters	hyponyms
spacecraft	metal	meronyms
paris	france	meronyms
bike	seat	meronyms
school	auditorium	meronyms
tree	flowers	meronyms
town	building	meronyms
video	music	meronyms
park	playground	meronyms
event	people	meronyms
meal	salad	meronyms
finger	tip	meronyms
book	middle	meronyms
party	hats	meronyms
keyboard	keys	meronyms
novel	words	meronyms
face	chin	meronyms
train	wheels	meronyms
flag	fabric	meronyms
lawn	grass	meronyms
instrument	piano	hyponyms
magnetic	opposite	antonyms
yellow	mustard	synonyms
similarity	color	hyponyms
writings	musings	synonyms
month	time	meronyms
chain	silver	meronyms
lake	shore	meronyms
pants	pockets	meronyms
email	subject	meronyms
yard	garden	meronyms
poem	rhyme	meronyms
honeybee	abdomen	meronyms
oven	stove	meronyms
monkey	hair	meronyms
car	motor	meronyms
computer	ram	meronyms
knife	metal	meronyms
meal	rice	meronyms
nation	state	meronyms
bathroom	floor	meronyms
airplane	wheels	meronyms
writings	chapter	meronyms
army	tanks	meronyms
game	winner	meronyms
flag	colors	meronyms
recipe	food	meronyms
game	score	meronyms
table	surface	meronyms
meal	vegetable	meronyms
robot	computer	meronyms
meal	vegetables	meronyms
school	building	meronyms
hunter	head	meronyms
instrument	flute	hyponyms
magnetic	repulsive	antonyms
hitch	hike	hyponyms
pony	baby	synonyms
pony	mule	synonyms
writings	ending	meronyms
mouth	saliva	meronyms
desk	surface	meronyms
house	living room	meronyms
video	plot	meronyms
iphone	apps	meronyms
story	characters	meronyms
region	people	meronyms
school	books	meronyms
eagle	feather	meronyms
train	caboose	meronyms
tree	branch	meronyms
face	lips	meronyms
radio	tuner	meronyms
flag	color	meronyms
earnings	salary	synonyms
climate	dry	hyponyms
limited	limitless	antonyms
wake	arise	synonyms
pony	foal	synonyms
spacecraft	fire	meronyms
similarity	dissimilar	antonyms
woody	tree	synonyms
climb	tree	hyponyms
woods	ground	meronyms
woods	oak	hyponyms
ballet	dance	meronyms
bus	wheels	meronyms
army	soldiers	meronyms
shark	teeth	meronyms
film	credits	meronyms
town	road	meronyms
honeybee	antenna	meronyms
moon	rock	meronyms
pipe	tube	meronyms
map	legend	meronyms
volcano	fire	meronyms
yard	flowers	meronyms
bathroom	bathtub	meronyms
male	hand	meronyms
solar	saturn	meronyms
gym	floor	meronyms
painting	subject	meronyms
newspaper	news	meronyms
university	students	meronyms
electricity	energy	synonyms
inning	fouls	meronyms
marching	walking	hyponyms
apple	flesh	meronyms
relative	daughter	hyponyms
climate	arctic	hyponyms
desirable	unattractive	antonyms
seafood	crabs	hyponyms
month	fortnight	meronyms
rod	staff	meronyms
woody	foresty	synonyms
magnetic	nonmagnetic	antonyms
dish	glass	meronyms
swivel	twist	synonyms
hanging	execution	hyponyms
looking	viewing	synonyms
rod	string	meronyms
lord	king	synonyms
woods	bushes	meronyms
mansion	rich	hyponyms
ice	air	meronyms
foul	odor	hyponyms
neighborhood	neighbors	meronyms
hunter	bow	meronyms
restaurant	bathroom	meronyms
rifle	barrel	meronyms
lizard	eyes	meronyms
instrument	guitar	hyponyms
principal	primary	synonyms
localized	centralized	synonyms
writings	script	synonyms
four	quarter	synonyms
lord	lady	antonyms
desirable	disgusting	antonyms
chain	gold	meronyms
writings	thesis	meronyms
water	dam	meronyms
spacecraft	cockpit	meronyms
water	drain	meronyms
book	characters	meronyms
restaurant	cooks	meronyms
shark	eyes	meronyms
pants	legs	meronyms
city	road	meronyms
knife	steel	meronyms
city	cars	meronyms
house	dining room	meronyms
oven	heat	meronyms
car	windshield	meronyms
female	ears	meronyms
meal	plate	meronyms
wheel	hub	meronyms
tree	wood	meronyms
party	presents	meronyms
map	compass	meronyms
document	footer	meronyms
wedding	bride	meronyms
president	tie	meronyms
plant	leaves	meronyms
male	chest	meronyms
novel	author	meronyms
stadium	players	meronyms
horizontal	upright	antonyms
grain	corn	hyponyms
appliance	stove	hyponyms
muscle	tricep	hyponyms
limited	vast	antonyms
inning	players	meronyms
climb	ladder	hyponyms
foul	duck	hyponyms
woody	desert	antonyms
hitch	knot	hyponyms
mansion	huge	hyponyms
court	defendant	meronyms
flower	leaves	meronyms
lizard	scales	meronyms
eye	white	meronyms
video	screen	meronyms
textbook	spine	meronyms
robot	hands	meronyms
school	student	meronyms
car	trunk	meronyms
tree	stem	meronyms
region	area	meronyms
novel	end	meronyms
apple	fruit	meronyms
event	beginning	meronyms
museum	painting	meronyms
greenhouse	roof	meronyms
poem	stanza	meronyms
zebra	mouth	meronyms
notebook	cover	meronyms
fat	slender	antonyms
instrument	trumpet	hyponyms
instrument	clarinet	hyponyms
writings	verbs	meronyms
writings	conclusion	meronyms
hitch	married	hyponyms
protest	silent	hyponyms
woody	open	antonyms
writings	works	synonyms
woody	grassy	antonyms
seafood	tilapia	hyponyms
pony	miniature horse	synonyms
climb	steep	hyponyms
ballet	dancer	meronyms
book	prologue	meronyms
party	snacks	meronyms
city	homes	meronyms
liquid	oxygen	meronyms
car	window	meronyms
desk	table	meronyms
eye	sclera	meronyms
female	hands	meronyms
video	film	meronyms
museum	exhibit	meronyms
pumpkin	pulp	meronyms
wedding	groom	meronyms
event	end	meronyms
farm	house	meronyms
knight	shield	meronyms
harbor	ship	meronyms
guitar	neck	meronyms
clothing	shirt	hyponyms
plaster	clay	hyponyms
inning	hitting	meronyms
hanging	swinging	synonyms
foul	goose	hyponyms
60	second	meronyms
woods	plants	meronyms
foul	baseball	hyponyms
spacecraft	tail	meronyms
foul	safe	antonyms
yellow	canary	synonyms
obstruction	obstacle	hyponyms
hanging	dangling	synonyms
hanging	lynching	synonyms
ballet	dancing	meronyms
robot	wires	meronyms
pizza	dough	meronyms
honeybee	feet	meronyms
wheel	metal	meronyms
product	name	meronyms
aquarium	food	meronyms
president	hands	meronyms
eagle	mouth	meronyms
chicken	thighs	meronyms
wheel	round	meronyms
president	white house	meronyms
yard	dirt	meronyms
earnings	profit	synonyms
lord	master	synonyms
bike	wheels	meronyms
writings	body	meronyms
woody	clear	antonyms
rod	fishing	meronyms
writings	poem	synonyms
electricity	electric	synonyms
yellow	color	synonyms
inning	hit	meronyms
woods	dirt	meronyms
pony	mare	synonyms
month	holiday	meronyms
school	gymnasium	meronyms
truck	steering wheel	meronyms
truck	wheels	meronyms
neighborhood	people	meronyms
fish	eyes	meronyms
video	pixel	meronyms
airport	planes	meronyms
novel	story	meronyms
town	homes	meronyms
iphone	button	meronyms
museum	paintings	meronyms
car	doors	meronyms
female	boobs	meronyms
monkey	butt	meronyms
game	player	meronyms
yard	fence	meronyms
laptop	screen	meronyms
dictionary	pages	meronyms
novel	beginning	meronyms
document	heading	meronyms
house	roof	meronyms
appliance	toaster	hyponyms
writings	pen	meronyms
yellow	sunshine	synonyms
plaster	plastic	hyponyms
hitch	remove	antonyms
plaster	bandage	hyponyms
immature	old	antonyms
woods	bush	meronyms
month	calendar	meronyms
foul	turkey	hyponyms
dissolution	dissolve	hyponyms
similarity	dissimilarity	antonyms
mansion	large	hyponyms
integrity	honor	hyponyms
aquarium	dolphins	meronyms
solar	moons	meronyms
dog	tail	meronyms
elephant	tail	meronyms
email	body	meronyms
park	people	meronyms
airport	airplane	meronyms
painting	colors	meronyms
region	city	meronyms
desk	chair	meronyms
horse	hair	meronyms
yard	back	meronyms
neighborhood	school	meronyms
hunter	hands	meronyms
president	body	meronyms
president	suit	meronyms
robot	sensors	meronyms
bus	seats	meronyms
shark	nose	meronyms
building	door	meronyms
fish	mouth	meronyms
quarter	heads	meronyms
town	downtown	meronyms
product	brand	meronyms
school	desk	meronyms
stew	water	meronyms
tank	armor	meronyms
hotel	lobby	meronyms
dictionary	paper	meronyms
solar	mercury	meronyms
male	ears	meronyms
sphere	diameter	meronyms
face	hair	meronyms
house	hall	meronyms
notebook	paper	meronyms
body	pool	hyponyms
instrument	saxophone	hyponyms
clothing	pants	hyponyms
relative	mom	hyponyms
month	weekdays	meronyms
foul	hit	hyponyms
funk	stink	synonyms
rod	shaft	meronyms
pony	small horse	synonyms
magnetic	repel	antonyms
writings	end	meronyms
controversial	accepted	antonyms
swivel	spin	synonyms
door	frame	meronyms
shark	tail	meronyms
kitchen	oven	meronyms
neighborhood	streets	meronyms
knife	hilt	meronyms
video	image	meronyms
book	introduction	meronyms
school	desks	meronyms
chicken	wing	meronyms
quarter	edge	meronyms
computer	memory	meronyms
park	lake	meronyms
textbook	page	meronyms
museum	entrance	meronyms
moon	rocks	meronyms
document	signature	meronyms
liquid	fluid	meronyms
refrigerator	food	meronyms
shack	roof	meronyms
train	track	meronyms
soldier	helmet	meronyms
male	mouth	meronyms
court	bench	meronyms
finger	bones	meronyms
building	window	meronyms
mansion	door	meronyms
appliance	washer	hyponyms
stroll	meander	synonyms
climate	wet	hyponyms
test	exam	synonyms
relative	dad	hyponyms
instrument	cello	hyponyms
woody	soft	antonyms
rise	lower	antonyms
60	hour	meronyms
disability	mental	hyponyms
electricity	juice	synonyms
turtle	nose	meronyms
beach	water	meronyms
video	start	meronyms
party	guests	meronyms
game	timer	meronyms
event	time	meronyms
moon	stone	meronyms
video	characters	meronyms
meal	lunch	meronyms
region	state	meronyms
park	swing	meronyms
quarter	ridges	meronyms
chicken	egg	meronyms
radio	fm	meronyms
skateboard	bearings	meronyms
volcano	vent	meronyms
museum	history	meronyms
robot	arm	meronyms
cookie	dough	meronyms
oven	window	meronyms
bathroom	mirror	meronyms
sentence	adjective	meronyms
airplane	nose	meronyms
bed	legs	meronyms
story	character	meronyms
story	words	meronyms
farm	barn	meronyms
restaurant	waiter	meronyms
painting	color	meronyms
dungeon	dark	meronyms
house	windows	meronyms
plant	flower	meronyms
magazine	paper	meronyms
bus	seat	meronyms
cabinet	wood	meronyms
raspberry	stem	meronyms
rocket	fuel	meronyms
horizontal	standing	antonyms
sport	swimming	hyponyms
public	private	antonyms
relative	son	hyponyms
stroll	wander	synonyms
writings	letter	meronyms
similarity	close	hyponyms
yellow	ochre	synonyms
chain	loop	meronyms
month	holidays	meronyms
pony	filly	synonyms
climb	rope	hyponyms
looking	search	hyponyms
rise	sink	antonyms
aggression	fighting	hyponyms
spacecraft	alien	meronyms
chain	clip	meronyms
localized	contained	synonyms
protest	rally	hyponyms
skin	color	meronyms
water	stream	meronyms
rod	bottom	meronyms
fur	coat	synonyms
song	words	meronyms
clothing	shoes	hyponyms
think	ponder	synonyms
magnetic	dull	antonyms
plaster	paint	hyponyms
four	quartet	synonyms
digit	number	hyponyms
month	night	meronyms
integrity	honesty	hyponyms
dish	rim	meronyms
foul	flagrant	hyponyms
60	time	meronyms
building	roof	meronyms
elephant	ears	meronyms
cat	fur	meronyms
book	epilogue	meronyms
shoe	insole	meronyms
eye	lash	meronyms
party	guest	meronyms
horse	snout	meronyms
airport	people	meronyms
sentence	letters	meronyms
region	weather	meronyms
city	block	meronyms
quarter	date	meronyms
map	lakes	meronyms
robot	leg	meronyms
pie	crust	meronyms
coat	zipper	meronyms
court	gavel	meronyms
iphone	camera	meronyms
pumpkin	shell	meronyms
pumpkin	meat	meronyms
greenhouse	windows	meronyms
sentence	letter	meronyms
novel	plot	meronyms
hunter	shoes	meronyms
hunter	weapon	meronyms
quarter	coin	meronyms
novel	pages	meronyms
cat	mouth	meronyms
factory	machines	meronyms
neighborhood	house	meronyms
oven	light	meronyms
coat	button	meronyms
jailhouse	cell	meronyms
event	start	meronyms
principal	head	synonyms
warm	cool	antonyms
pester	irritate	synonyms
fat	slim	antonyms
appliance	fridge	hyponyms
rod	steel	meronyms
seafood	whale	hyponyms
pride	shame	antonyms
similarity	looks	hyponyms
writings	story	meronyms
hanging	picture	hyponyms
marching	walk	synonyms
voter	registered	hyponyms
dish	top	meronyms
sleep	restful	hyponyms
protest	civil	hyponyms
controversial	normal	antonyms
boat	engine	meronyms
poem	lines	meronyms
iphone	speaker	meronyms
cabinet	door	meronyms
newspaper	paper	meronyms
bathroom	soap	meronyms
elephant	leg	meronyms
casino	money	meronyms
boat	ship	hyponyms
sport	football	hyponyms
relative	grandma	hyponyms
inning	batting	meronyms
desirable	hated	antonyms
plaster	cast	hyponyms
mill	stone	meronyms
writings	prose	synonyms
sleep	snooze	hyponyms
worth	worthless	antonyms
similarity	twin	hyponyms
woody	wood	synonyms
abundance	food	hyponyms
immature	baby	synonyms
woody	grainy	synonyms
hanging	wall	hyponyms
door	handle	meronyms
elephant	tusks	meronyms
lake	fish	meronyms
cat	teeth	meronyms
city	government	meronyms
book	conclusion	meronyms
alligator	jaw	meronyms
school	bathroom	meronyms
school	classrooms	meronyms
town	schools	meronyms
town	library	meronyms
volcano	heat	meronyms
honeybee	yellow	meronyms
textbook	text	meronyms
party	dance	meronyms
document	introduction	meronyms
town	city	meronyms
sentence	beginning	meronyms
female	toes	meronyms
city	neighborhood	meronyms
eagle	talon	meronyms
computer	software	meronyms
pipe	water	meronyms
dictionary	index	meronyms
hotel	room	meronyms
harbor	dock	meronyms
iphone	charger	meronyms
hunter	arms	meronyms
army	guns	meronyms
stew	onions	meronyms
airport	check in	meronyms
map	countries	meronyms
oven	rack	meronyms
restaurant	seats	meronyms
house	garage	meronyms
court	lawyer	meronyms
restaurant	waitress	meronyms
cave	rock	meronyms
cookie	chocolate	meronyms
pencil	metal	meronyms
chicken	eye	meronyms
textbook	title	meronyms
refrigerator	ice	meronyms
park	tree	meronyms
aquarium	sand	meronyms
aquarium	coral	meronyms
city	stores	meronyms
chicken	talons	meronyms
quarter	rim	meronyms
film	story	meronyms
bird	beak	meronyms
stopsign	pole	meronyms
nation	country	meronyms
house	rooms	meronyms
story	plot	meronyms
map	states	meronyms
face	cheeks	meronyms
novel	middle	meronyms
train	coal	meronyms
story	chapter	meronyms
hotel	rooms	meronyms
factory	workers	meronyms
laptop	mouse	meronyms
alarm	silence	antonyms
appliance	dryer	hyponyms
meat	pork	hyponyms
test	quiz	synonyms
go	come	antonyms
go	stop	antonyms
fat	small	antonyms
tool	nails	hyponyms
rise	fall	antonyms
hitch	break	antonyms
aggression	fight	hyponyms
similarity	differences	antonyms
upload	download	antonyms
prefix	after	antonyms
skin	tissue	meronyms
water	pond	meronyms
dissolution	separation	hyponyms
woods	forrest	synonyms
seafood	trout	hyponyms
obstruction	gate	hyponyms
spacecraft	astronaut	meronyms
mill	wind	meronyms
feeding	fork	meronyms
seafood	octopus	hyponyms
looking	observing	synonyms
climb	wall	hyponyms
feeding	bottle	meronyms
kitchen	table	meronyms
product	product	meronyms
map	key	meronyms
region	country	meronyms
president	legs	meronyms
shoe	toe	meronyms
liquid	ice	meronyms
town	cars	meronyms
robot	hand	meronyms
bird	wings	meronyms
pool	stairs	meronyms
hunter	vest	meronyms
pool	deep end	meronyms
sentence	word	meronyms
robot	chip	meronyms
bathroom	bath	meronyms
mansion	dining room	meronyms
town	suburbs	meronyms
refrigerator	handle	meronyms
eye	lens	meronyms
car	brakes	meronyms
meal	spoon	meronyms
wheel	air	meronyms
town	park	meronyms
eagle	body	meronyms
quarter	cents	meronyms
quarter	president	meronyms
textbook	table of contents	meronyms
pipe	plastic	meronyms
party	decorations	meronyms
library	chairs	meronyms
library	shelf	meronyms
tank	turret	meronyms
film	end	meronyms
honeybee	sting	meronyms
park	path	meronyms
house	basement	meronyms
hunter	camo	meronyms
poem	end	meronyms
neighborhood	street	meronyms
pizza	pineapple	meronyms
cabinet	shelves	meronyms
bicycle	chain	meronyms
grain	rye	hyponyms
pester	bug	synonyms
boat	sailboat	hyponyms
clothing	socks	hyponyms
clothing	hat	hyponyms
climate	rainy	hyponyms
relative	grandpa	hyponyms
alarm	soothe	antonyms
muscle	bicep	hyponyms
wake	go to sleep	antonyms
hanging	execution	synonyms
writings	phrase	meronyms
sleep	alive	antonyms
dish	plastic	meronyms
tail	tip	meronyms
activation	deactivation	antonyms
chain	steel	meronyms
writings	grammar	meronyms
localized	nearby	synonyms
asian	vietnamese	hyponyms
electricity	power	hyponyms
hanging	noose	synonyms
looking	gazing	hyponyms
limited	expanded	antonyms
dish	entree	meronyms
aquarium	whales	meronyms
refrigerator	compressor	meronyms
honeybee	hair	meronyms
video	soundtrack	meronyms
video	frame	meronyms
purse	clasp	meronyms
volcano	rocks	meronyms
honeybee	black	meronyms
product	design	meronyms
textbook	author	meronyms
aquarium	sharks	meronyms
cookie	flour	meronyms
zoo	animals	meronyms
cat	whiskers	meronyms
lizard	mouth	meronyms
cat	legs	meronyms
horse	saddle	meronyms
female	mouth	meronyms
purse	outside	meronyms
party	fun	meronyms
library	book	meronyms
product	package	meronyms
pool	filter	meronyms
video	scene	meronyms
female	back	meronyms
female	breast	meronyms
face	forehead	meronyms
harbor	boat	meronyms
violin	music	meronyms
microwave	buttons	meronyms
restaurant	dining room	meronyms
event	middle	meronyms
novel	cover	meronyms
opera	music	meronyms
shark	gill	meronyms
airplane	cabin	meronyms
train	caboose 	meronyms
rifle	bullet	meronyms
guitar	strings	meronyms
newspaper	ink	meronyms
gemstone	ruby	hyponyms
pasta	spaghetti	hyponyms
bring	take	synonyms
foul	pigeon	hyponyms
month	weekday	meronyms
localized	community	synonyms
foul	out	hyponyms
mill	grinder	meronyms
plaster	paste	hyponyms
writings	essays	synonyms
spacecraft	rockets	meronyms
similarity	shape	hyponyms
spacecraft	thruster	meronyms
rod	middle	meronyms
writings	beginning	meronyms
dish	china	meronyms
sleep	slumber	hyponyms
bike	motor	hyponyms
woods	jungle	meronyms
paris	french	meronyms
bike	handlebars	meronyms
paris	streets	meronyms
minute	seconds	meronyms
electricity	charge	synonyms
beach	waves	meronyms
solar	asteroids	meronyms
zoo	cages	meronyms
cat	nose	meronyms
fish	scales	meronyms
fish	tail	meronyms
party	beer	meronyms
video	reel	meronyms
email	header	meronyms
robot	circuits	meronyms
insect	legs	meronyms
cookie	sugar	meronyms
feather	quill	meronyms
liquid	hydrogen	meronyms
alligator	claws	meronyms
bus	driver	meronyms
picture	paint	meronyms
party	gifts	meronyms
pipe	pipe	meronyms
finger	fingernail	meronyms
microwave	handle	meronyms
town	house	meronyms
alligator	green	meronyms
restaurant	chef	meronyms
story	climax	meronyms
meal	dinner	meronyms
radio	speakers	meronyms
moon	surface	meronyms
book	letters	meronyms
purse	button	meronyms
honeybee	antennae	meronyms
meal	chicken	meronyms
yard	trees	meronyms
horse	leg	meronyms
map	mountains	meronyms
document	body	meronyms
neighborhood	cars	meronyms
pants	button	meronyms
shack	window	meronyms
face	teeth	meronyms
dictionary	meaning	meronyms
solar	neptune	meronyms
museum	hall	meronyms
textbook	ink	meronyms
solar	pluto	meronyms
glasses	lens	meronyms
lounge	bar	meronyms
laptop	keyboard	meronyms
office	desk	meronyms
population	people	meronyms
door	hinge	meronyms
relative	child	hyponyms
gemstone	diamond	hyponyms
remark	comment	synonyms
warm	freezing	antonyms
boat	canoe	hyponyms
foul	basketball	hyponyms
writings	nouns	meronyms
paris	louvre	meronyms
inning	bases	meronyms
similarity	antonym	antonyms
writings	journal	synonyms
plaster	walls	hyponyms
looking	peeking	synonyms
foul	play	hyponyms
inning	first	meronyms
protest	strike	hyponyms
woods	leaf	meronyms
woods	birds	meronyms
spacecraft	cabin	meronyms
looking	staring	synonyms
writings	commas	meronyms
marching	stomping	hyponyms
funk	smell	synonyms
weapon	gun	hyponyms
preceding	after	antonyms
white	black	antonyms
writings	paragraph	synonyms
writings	opening	meronyms
desirable	bad	antonyms
eligible	uneligible	antonyms
lumber	wood	meronyms
voter	independent	hyponyms
bike	brakes	meronyms
obstruction	traffic	hyponyms
sleep	sound	hyponyms
woody	plain	antonyms
dissolution	end	hyponyms
pony	nag	synonyms
multiple	single	antonyms
chain	loops	meronyms
hitch	release	antonyms
writings	novel	meronyms
localized	small	synonyms
writings	lines	meronyms
electricity	amps	synonyms
looking	look	synonyms
mill	saw	meronyms
seafood	scallop	hyponyms
aggression	punch	hyponyms
dish	bowl	meronyms
asian	malaysian	hyponyms
water	spring	meronyms
dissolution	water	hyponyms
ballet	pirouette	meronyms
foul	legal	antonyms
bank	checking	hyponyms
bike	brake	meronyms
teaching	teacher	meronyms
desirable	u	antonyms
sinking	drowning	synonyms
bike	tires	meronyms
marching	parade	synonyms
skin	tone	meronyms
month	january	meronyms
dissolution	breakup	hyponyms
swivel	rotate	synonyms
writings	scribbles	synonyms
heart	pain	meronyms
controversial	agreeable	antonyms
foul	clean	antonyms
dish	sides	meronyms
disturb	annoy	synonyms
breathing	exhale	meronyms
writings	pages	meronyms
ice	crystal	meronyms
hanging	dangling	hyponyms
teaching	student	meronyms
minute	time	meronyms
chain	together	meronyms
chain	beginning	meronyms
mansion	tower	hyponyms
woody	tree	antonyms
skin	hands	meronyms
bedroom	bed	meronyms
camera	shutter	meronyms
camera	film	meronyms
pool	cover	meronyms
region	town	meronyms
video	visual	meronyms
town	city hall	meronyms
finger	muscle	meronyms
museum	exit	meronyms
meal	fork	meronyms
wheel	rims	meronyms
school	chalkboard	meronyms
airport	aeroplane	meronyms
airport	pilot	meronyms
document	page	meronyms
school	room	meronyms
laptop	keys	meronyms
dungeon	bars	meronyms
region	west	meronyms
monkey	fingers	meronyms
film	title	meronyms
tree	flower	meronyms
table	screws	meronyms
hunter	jacket	meronyms
library	table	meronyms
novel	title	meronyms
soldier	boots	meronyms
turtle	feet	meronyms
king	dress	meronyms
mansion	bedroom	meronyms
zebra	leg	meronyms
glasses	arms	meronyms
document	sentence	meronyms
flag	design	meronyms
casino	tables	meronyms
pencil	tip	meronyms
farm	cows	meronyms
office	chair	meronyms
guitar	pick	meronyms
triangle	sides	meronyms
sphere	outside	meronyms
island	water	meronyms
magazine	stories	meronyms
elephant	legs	meronyms
planet	atmosphere	meronyms
airport	terminals	meronyms
party	singing	meronyms
car	tires	meronyms
library	bookshelves	meronyms
computer	chip	meronyms
game	piece	meronyms
female	stomach	meronyms
female	lips	meronyms
iphone	memory	meronyms
restaurant	drinks	meronyms
textbook	bibliography	meronyms
meal	napkin	meronyms
skateboard	grip tape	meronyms
game	bat	meronyms
meal	potato	meronyms
eye	cones	meronyms
radio	am	meronyms
party	end	meronyms
pool	steps	meronyms
horse	flank	meronyms
female	tits	meronyms
book	story	meronyms
region	roads	meronyms
hunter	rifle	meronyms
pie	fruit	meronyms
region	north	meronyms
house	attic	meronyms
map	water	meronyms
radio	volume	meronyms
gym	bleachers	meronyms
painting	painter	meronyms
solar	star	meronyms
hunter	mouth	meronyms
yard	ground	meronyms
bicycle	seat	meronyms
restaurant	staff	meronyms
airplane	fuselage	meronyms
cave	stone	meronyms
bird	wing	meronyms
flag	rope	meronyms
market	shop	meronyms
island	sand	meronyms
zebra	stripes	meronyms
dungeon	chains	meronyms
glasses	glass	meronyms
clothing	coat	hyponyms
shape	square	hyponyms
shoe	bottom	meronyms
grain	oats	hyponyms
short	long	antonyms
climate	windy	hyponyms
fat	tiny	antonyms
earnings	revenue	synonyms
landscape	forest	hyponyms
sterile	infected	antonyms
soup	tomato soup	hyponyms
soup	veloute	hyponyms
yellow	amber	synonyms
magnetic	unmagnetic	antonyms
inning	end	meronyms
inning	middle	meronyms
ice	h2o	meronyms
oven	heater	meronyms
iphone	volume	meronyms
map	lines	meronyms
male	balls	meronyms
story	preface	meronyms
story	title	meronyms
neighborhood	yards	meronyms
sphere	top	meronyms
pumpkin	flesh	meronyms
meal	main	meronyms
bicycle	bell	meronyms
radio	plug	meronyms
pumpkin	fruit	meronyms
president	leader	meronyms
bathroom	light	meronyms
bed	headboard	meronyms
mansion	room	meronyms
casino	poker	meronyms
zebra	black	meronyms
zebra	white	meronyms
market	items	meronyms
market	vegetable	meronyms
meat	horse	hyponyms
alarm	relax	antonyms
stop	go	antonyms
principal	lead	synonyms
shoe	loafer	hyponyms
relative	sibling	hyponyms
video	video	meronyms
clothing	skirt	hyponyms
boat	raft	hyponyms
instrument	viola	hyponyms
marching	parading	synonyms
inning	beginning	meronyms
wake	nap	antonyms
saved	spent	antonyms
limited	abundant	antonyms
woody	jungle	synonyms
alternating	same	antonyms
rod	sinker	meronyms
hanging	hang	synonyms
magnetic	non magnetic	antonyms
magnetic	non-magnetic	antonyms
plaster	ceramic	hyponyms
unanswered	unknown	synonyms
foul	birds	hyponyms
electricity	current	synonyms
hitch	tow	hyponyms
spacecraft	shield	meronyms
magnetic	apart	antonyms
foul	in	antonyms
limited	lots	antonyms
marching	running	synonyms
breathing	inhale	meronyms
ice	rain	meronyms
aggression	physical	hyponyms
foul	hit	antonyms
tail	fur	meronyms
bike	street	hyponyms
obstruction	dam	hyponyms
paris	people	meronyms
writings	middle	meronyms
flower	pollen	meronyms
lizard	head	meronyms
alarm	quiet	antonyms
similarity	same	antonyms
inning	player	meronyms
looking	peering	synonyms
bringing	carrying	synonyms
foul	fresh	antonyms
lord	savior	synonyms
dissolution	melting	hyponyms
similarity	like	hyponyms
similarity	dif	antonyms
woods	tree	synonyms
plaster	of paris	hyponyms
hitch	detach	antonyms
water	storage	meronyms
localized	regional	synonyms
unanswered	open	synonyms
inning	run	meronyms
similarity	sameness	hyponyms
lord	sir	synonyms
mansion	big	hyponyms
woods	bugs	meronyms
immature	mature	synonyms
marching	parade	hyponyms
woods	path	meronyms
inning	pitches	meronyms
sleep	good	hyponyms
hanging	lynching	hyponyms
saved	discarded	antonyms
hanging	lynch	hyponyms
sinking	falling	synonyms
hanging	chilling	synonyms
refrigerator	milk	meronyms
beach	sea	meronyms
army	general	meronyms
nation	government	meronyms
nation	states	meronyms
cat	claws	meronyms
building	room	meronyms
town	shops	meronyms
city	suburb	meronyms
city	shops	meronyms
party	birthday	meronyms
school	locker	meronyms
moon	water	meronyms
video	intro	meronyms
pipe	inside	meronyms
town	stores	meronyms
party	host	meronyms
finger	print	meronyms
park	benches	meronyms
city	police station	meronyms
skateboard	trucks	meronyms
moon	light	meronyms
video	play	meronyms
alligator	ears	meronyms
wheel	bolts	meronyms
moon	dirt	meronyms
volcano	mouth	meronyms
pool	people	meronyms
sentence	grammar	meronyms
gym	pool	meronyms
shoe	shocks	meronyms
robot	brain	meronyms
map	oceans	meronyms
library	stacks	meronyms
fish	gills	meronyms
lizard	legs	meronyms
elephant	tusk	meronyms
pipe	neck	meronyms
party	location	meronyms
book	ink	meronyms
storm	cold	meronyms
textbook	binding	meronyms
microwave	plate	meronyms
game	win	meronyms
product	marketing	meronyms
liquid	cold	meronyms
video	time	meronyms
museum	roof	meronyms
violin	tuner	meronyms
quarter	washington	meronyms
horse	stomach	meronyms
tree	fruits	meronyms
book	word	meronyms
map	towns	meronyms
radio	button	meronyms
car	stearing	meronyms
document	sentences	meronyms
monkey	eye	meronyms
monkey	ear	meronyms
male	testicles	meronyms
robot	face	meronyms
business	ceo	meronyms
laboratory	table	meronyms
president	trump	meronyms
airport	plane	meronyms
radio	news	meronyms
region	south	meronyms
iphone	case	meronyms
soldier	head	meronyms
kitchen	counter	meronyms
stew	sauce	meronyms
mansion	butler	meronyms
pool	deck	meronyms
map	cities	meronyms
painting	signature	meronyms
iphone	jack	meronyms
finger	joints	meronyms
tank	tracks	meronyms
wedding	party	meronyms
glasses	lenses	meronyms
kitchen	knife	meronyms
elephant	body	meronyms
airplane	windows	meronyms
pants	zip	meronyms
battle	army	meronyms
elephant	feet	meronyms
market	money	meronyms
coat	hood	meronyms
desert	cactus	meronyms
raspberry	fruit	meronyms
boat	sail	meronyms
herb	thyme	hyponyms
tool	wrench	hyponyms
sterile	disgusting	antonyms
town	city	synonyms
possess	keep	synonyms
muscle	heart	hyponyms
iphone	call	meronyms
purse	zip	meronyms
school	faculty	meronyms
glasses	rim	meronyms
sentence	adverb	meronyms
hunter	arrow	meronyms
monkey	banana	meronyms
table	leg	meronyms
mansion	library	meronyms
stew	salt	meronyms
refrigerator	shelf	meronyms
park	water fountain	meronyms
bed	sheets	meronyms
painting	paper	meronyms
guitar	wood	meronyms
lawn	bugs	meronyms
hamburger	bun	meronyms
market	cash	meronyms
restaurant	menu	meronyms
nation	people	meronyms
pants	pocket	meronyms
song	lyrics	meronyms
sport	tennis	hyponyms
night	day	antonyms
boat	ferry	hyponyms
warm	chilly	antonyms
bring	hold	synonyms
test	assessment	synonyms
pony	animal	synonyms
writings	page	meronyms
writings	novel	synonyms
magnetic	sticky	antonyms
writings	closing	meronyms
dissolution	legal	hyponyms
wake	fall asleep	antonyms
writings	noun	meronyms
water	plant	meronyms
similarity	contrast	antonyms
sinking	floating	synonyms
inning	game	meronyms
chain	connection	meronyms
woods	paths	meronyms
violate	obey	antonyms
seafood	haddock	hyponyms
mansion	victorian	hyponyms
woods	trail	meronyms
spacecraft	seats	meronyms
foul	bad	hyponyms
four	quadruple	synonyms
looking	observing	hyponyms
woods	coniferous	hyponyms
inning	foul	meronyms
foul	lovely	antonyms
dell	computer	synonyms
rod	rod	meronyms
marching	army	hyponyms
chain	fastener	meronyms
skin	face	meronyms
foul	error	hyponyms
laboratory	beakers	meronyms
village	people	meronyms
kitchen	cabinets	meronyms
kitchen	microwave	meronyms
shirt	sleeves	meronyms
raspberry	seeds	meronyms
shape	rectangle	hyponyms
near	nearby	synonyms
muscle	hamstring	hyponyms
landscape	mountains	hyponyms
music	jazz	hyponyms
writings	text	synonyms
woody	bare	antonyms
water	filter	meronyms
four	quatre	synonyms
hitch	unlatch	antonyms
month	w	meronyms
60	nanosecond	meronyms
desirable	undesirable 	antonyms
inning	field	meronyms
similarity	opposition	antonyms
rod	length	meronyms
seafood	squid	hyponyms
well	done	synonyms
plaster	spackle	hyponyms
seafood	prawn	hyponyms
mill	paper	meronyms
woods	forests	hyponyms
ballet	jumping	meronyms
marching	stepping	hyponyms
looking	glass	hyponyms
bike	spoke	meronyms
hitch	boat	hyponyms
bike	dirt	hyponyms
peanut	skin	meronyms
tree	twigs	meronyms
restaurant	menus	meronyms
village	roads	meronyms
film	director	meronyms
wheel	tread	meronyms
video	actors	meronyms
city	mall	meronyms
pipe	opening	meronyms
pipe	mouthpiece	meronyms
picture	frame	meronyms
purse	wallet	meronyms
aquarium	bubbler	meronyms
book	sentence	meronyms
meal	entree	meronyms
finger	cuticle	meronyms
aquarium	plants	meronyms
oven	racks	meronyms
radio	sound	meronyms
refrigerator	cooler	meronyms
park	pond	meronyms
oven	knobs	meronyms
museum	curator	meronyms
computer	hard drive	meronyms
iphone	buttons	meronyms
horse	face	meronyms
finger	nails	meronyms
robot	cpu	meronyms
quarter	money	meronyms
quarter	numbers	meronyms
museum	people	meronyms
quarter	front	meronyms
library	tables	meronyms
region	mountains	meronyms
shack	floor	meronyms
yellow	colour	synonyms
hanging	suspended	synonyms
woods	maple	hyponyms
hitch	let go	antonyms
obstruction	door	hyponyms
woods	logs	meronyms
ballet	choreography	meronyms
spacecraft	ship	meronyms
sleep	woke	antonyms
bike	frame	meronyms
paris	food	meronyms
similarity	name	hyponyms
woody	dense	synonyms
breathing	air	meronyms
sleep	catnap	hyponyms
sleep	dream	hyponyms
woods	park	synonyms
60	minutes	meronyms
building	windows	meronyms
truck	bed	meronyms
elephant	skin	meronyms
village	farmers	meronyms
village	houses	meronyms
city	lights	meronyms
purse	lining	meronyms
school	children	meronyms
female	face	meronyms
storm	lightening	meronyms
school	lockers	meronyms
product	use	meronyms
airport	airplanes	meronyms
car	radiator	meronyms
party	songs	meronyms
liquid	bubbles	meronyms
eagle	nose	meronyms
party	soda	meronyms
needle	sew	meronyms
map	road	meronyms
knife	shaft	meronyms
eagle	wing	meronyms
town	center	meronyms
eye	eyeball	meronyms
robot	machine	meronyms
purse	money	meronyms
tree	limbs	meronyms
stopsign	sign	meronyms
plant	roots	meronyms
tank	cannon	meronyms
pumpkin	vine	meronyms
bicycle	tire	meronyms
region	water	meronyms
pants	denim	meronyms
bicycle	handle	meronyms
bathroom	water	meronyms
mansion	hall	meronyms
ship	deck	meronyms
factory	machine	meronyms
bus	steering	meronyms
flag	country	meronyms
story	author	meronyms
guitar	string	meronyms
recipe	salt	meronyms
orchestra	conductor	meronyms
door	window	meronyms
meal	protein	meronyms
computer	hardware	meronyms
chicken	neck	meronyms
greenhouse	ceiling	meronyms
finger	thumb	meronyms
textbook	contents	meronyms
magazine	advertisements	meronyms
coat	pocket	meronyms
video	conclusion	meronyms
mouth	tonsils	meronyms
region	east	meronyms
iphone	battery	meronyms
textbook	images	meronyms
airport	bathroom	meronyms
event	food	meronyms
document	word	meronyms
skateboard	skate	meronyms
cabinet	handles	meronyms
cabinet	doors	meronyms
stew	peas	meronyms
mouth	gum	meronyms
hunter	feet	meronyms
face	eyebrows	meronyms
bird	feather	meronyms
stadium	ground	meronyms
stopsign	red	meronyms
bed	duvet	meronyms
greenhouse	dirt	meronyms
mouth	taste buds	meronyms
battle	fighting	meronyms
guitar	fret	meronyms
harbor	water	meronyms
bicycle	wheels	meronyms
sphere	inside	meronyms
bicycle	wheel	meronyms
bed	blanket	meronyms
shape	triangle	hyponyms
music	rap	hyponyms
frequent	usual	synonyms
tidiness	messiness	antonyms
principal	leader	synonyms
video	scenes	meronyms
diverse	varied	synonyms
instrument	oboe	hyponyms
boat	yacht	hyponyms
foul	right	antonyms
limited	wide	antonyms
marching	moving	synonyms
60	minute	meronyms
woods	bears	meronyms
dish	meat	meronyms
obstruction	blockade	hyponyms
peanut	seed	meronyms
limited	a lot	antonyms
hanging	holding	synonyms
paris	tower	meronyms
rod	point	meronyms
writings	stories	meronyms
writings	thoughts	meronyms
magnetic	repulse	antonyms
chain	gang	meronyms
integrity	strong	hyponyms
woods	clearing	meronyms
woods	forests	synonyms
test	examination	synonyms
grain	oat	hyponyms
seafood	shark	hyponyms
digit	finger	hyponyms
saved	deleted	antonyms
bike	pedals	meronyms
dissolution	finish	hyponyms
writings	s	synonyms
abundance	money	hyponyms
hitch	chain	hyponyms
pony	baby horse	synonyms
chain	fence	meronyms
hitch	separate	antonyms
hitch	tractor	hyponyms
spacecraft	jet	meronyms
obstruction	fence	hyponyms
hanging	hanged	synonyms
woody	wooden	synonyms
limited	large	antonyms
mansion	estate	hyponyms
month	year	meronyms
asian	taiwanese	hyponyms
water	evaporation	meronyms
straight	crooked	antonyms
woods	trunks	meronyms
similarity	copy	hyponyms
woody	empty	antonyms
controversial	easy	antonyms
writings	ink	meronyms
rod	top	meronyms
breathing	lungs	meronyms
inning	p	meronyms
writings	phrases	meronyms
similarity	unsimilar	antonyms
localized	area	synonyms
woods	park	hyponyms
court	lawyers	meronyms
dog	fur	meronyms
dog	nose	meronyms
flower	leaf	meronyms
neighborhood	homes	meronyms
neighborhood	roads	meronyms
eye	eyelashes	meronyms
video	frames	meronyms
purse	case	meronyms
book	appendix	meronyms
book	back	meronyms
city	street lights	meronyms
shoe	shoelace	meronyms
park	animals	meronyms
novel	climax	meronyms
school	lunchroom	meronyms
oven	burner	meronyms
park	seesaw	meronyms
robot	processor	meronyms
car	windows	meronyms
video	images	meronyms
library	desks	meronyms
meal	knife	meronyms
region	lakes	meronyms
eagle	winds	meronyms
yard	front	meronyms
school	field	meronyms
library	entrance	meronyms
flower	stamen	meronyms
robot	wheels	meronyms
dictionary	letters	meronyms
fish	fins	meronyms
mouth	uvula	meronyms
city	skyscraper	meronyms
lecture	class	meronyms
knife	bottom	meronyms
textbook	knowledge	meronyms
pool	bottom	meronyms
house	bathroom	meronyms
chicken	thigh	meronyms
iphone	phone	meronyms
game	end	meronyms
president	name	meronyms
pipe	round	meronyms
pool	shallow end	meronyms
president	mouth	meronyms
town	sidewalk	meronyms
book	title page	meronyms
female	body	meronyms
car	steering	meronyms
party	table	meronyms
aquarium	decorations	meronyms
pants	cuff	meronyms
cave	entrance	meronyms
turtle	scales	meronyms
novel	chapters	meronyms
document	conclusion	meronyms
car	dashboard	meronyms
iphone	processor	meronyms
tank	treads	meronyms
radio	battery	meronyms
sphere	bottom	meronyms
quarter	value	meronyms
airplane	bathroom	meronyms
library	computer	meronyms
sphere	ball	meronyms
apple	red	meronyms
dungeon	cell	meronyms
bus	tyre	meronyms
lecture	speech	meronyms
zebra	eyes	meronyms
face	tongue	meronyms
pizza	tomato	meronyms
film	scene	meronyms
airplane	seat	meronyms
keyboard	letters	meronyms
helicopter	engine	meronyms
zebra	nose	meronyms
desert	camel	meronyms
atmosphere	nitrogen	meronyms
airplane	pilot	meronyms
clothing	dress	hyponyms
music	classical	hyponyms
fruit	grapes	hyponyms
hot	cold	antonyms
girl	boy	antonyms
think	consider	synonyms
climate	polar	hyponyms
fruit	kiwi	hyponyms
fat	fit	antonyms
sport	basketball	hyponyms
bring	drag	synonyms
